Zdeněk Berka;ČSSD;N;Sokolov;Zákon o vysokých školách;2018-07-02;4292
Zdeněk Berka;ČSSD;N;Sokolov;Protokol k Dohodě mezi ČR a USA o vědeckotechnické spolupráci;2018-05-07;4263
Zdeněk Berka;ČSSD;N;Sokolov;Petice "Za urychlení dostavby rychlostní silnice R6 Praha - Karlovy Vary - Cheb";2017-08-16;4181
Zdeněk Berka;ČSSD;N;Sokolov;Zákon o sociálně-právní ochraně dětí - senátní návrh;2016-06-16;3927
Zdeněk Berka;ČSSD;N;Sokolov;Zákon o pedagogických pracovnících;2015-10-19;3762
Zdeněk Berka;ČSSD;N;Sokolov;Zákon o poskytování služby péče o dítě v dětské skupině;2015-04-21;3692
Zdeněk Berka;ČSSD;N;Sokolov;Školský zákon;2015-02-24;3667
Zdeněk Berka;ČSSD;N;Sokolov;Školský zákon;0016-03-24;3866
Zdeněk Berka;ČSSD;N;Sokolov;Žádost prezidenta - ústavní soudci;2013-05-16;3335
Zdeněk Berka;ČSSD;N;Sokolov;Souhlas s jmenováním soudců Ústavního soudu;2013-03-28;3305
Václav Homolka;KSČM;A;Chomutov;Změny Přílohy I Mezinárodní úmluvy proti dopingu ve sportu;2018-03-09;4236
Václav Homolka;KSČM;A;Chomutov;Petice za kvalitní podmínky pro vzdělávání;2018-01-16;4216
Václav Homolka;KSČM;A;Chomutov;Zákon o Veřejném ochránci práv;2017-05-09;4110
Václav Homolka;KSČM;A;Chomutov;Změny Přílohy I Mezinárodní úmluvy proti dopingu ve sportu;2017-04-12;4083
Václav Homolka;KSČM;A;Chomutov;Zákon o podpoře výzkumu, experimentálního vývoje a inovací;2017-03-27;4074
Václav Homolka;KSČM;A;Chomutov;Změny Přílohy I a Přílohy II Mezinárodní úmluvy proti dopingu;2016-08-16;3952
Václav Homolka;KSČM;A;Chomutov;Zákon o podpoře sportu;2016-05-02;3894
Václav Homolka;KSČM;A;Chomutov;Zákon o navracení nezákonně vyvezených kulturních statků;2015-11-06;3780
Václav Homolka;KSČM;A;Chomutov;Změny Přílohy I a Přílohy II Mezinárodní úmluvy proti dopingu;2015-05-12;3699
Václav Homolka;KSČM;A;Chomutov;Novela zákona o církvích - senátní návrh;2014-08-26;3571
Václav Homolka;KSČM;A;Chomutov;Žádost prezidenta - ústavní soudci;2013-11-11;3428
Václav Homolka;KSČM;A;Chomutov;Zákon o Květnovém povstání českého lidu;2013-04-16;3322
Milada Emmerová;ČSSD;A;Rokycany;Zákon o organizaci a provádění sociálního zabezpečení;2018-04-03;4248
Milada Emmerová;ČSSD;A;Rokycany;Zákon o pojistném na veřejné zdravotní pojištění;2017-07-24;4157
Milada Emmerová;ČSSD;A;Rokycany;Zákon o podmínkách získávání a uznávání odborné způsobilosti a specializované způsobilosti k výkonu zdravotnického povolání lékaře, zubního lékaře a farmaceuta;2016-11-18;3992
Milada Emmerová;ČSSD;A;Rokycany;Zákon o ochraně veřejného zdraví;2016-01-07;3811
Milada Emmerová;ČSSD;A;Rokycany;Zákon o ochraně veřejného zdraví;2015-06-02;3714
Milada Emmerová;ČSSD;A;Rokycany;Školský zákon;2015-02-24;3667
Milada Emmerová;ČSSD;A;Rokycany;Zákon o potravinách a tabákových výrobcích;2014-05-26;3525
Milada Emmerová;ČSSD;A;Rokycany;Zákon o zrušení karty sociálních systémů;2013-08-16;3398
Milada Emmerová;ČSSD;A;Rokycany;Zákon o ochraně veřejného zdraví;2013-06-04;3351
Jan Látka;ČSSD;A;Domažlice;Zákon o využívání genetických zdrojů;2018-04-27;4258
Jan Látka;ČSSD;A;Domažlice;Zpráva o životním prostředí ČR 2016;2017-12-01;4206
Jan Látka;ČSSD;A;Domažlice;Ratifikace změn přílohy III Rotterdamské úmluvy;2017-11-29;4204
Jan Látka;ČSSD;A;Domažlice;Zákon o obalech;2017-03-27;4071
Jan Látka;ČSSD;A;Domažlice;Smlouvy o ochraně ozonové vrstvy;2017-03-06;4059
Jan Látka;ČSSD;A;Domažlice;Zpráva o životním prostředí ČR 2015;2016-12-15;4010
Jan Látka;ČSSD;A;Domažlice;Minamatská úmluva o rtuti;2016-11-21;4002
Jiří Šesták;za STAN/HOPB;A;České Budějovice;Zákon o právu shromažďovacím;2016-05-19;3907
Jiří Šesták;za STAN/HOPB;A;České Budějovice;Zákon o účastnících odboje a odporu proti komunismu;2016-05-02;3896
Jiří Šesták;za STAN/HOPB;A;České Budějovice;Zákon o státní památkové péči;2016-03-14;3855
Jiří Šesták;za STAN/HOPB;A;České Budějovice;Výroční zpráva ÚSTR za rok 2014;2015-04-01;3682
Jiří Šesták;za STAN/HOPB;A;České Budějovice;Petice "Prezidente, odejděte!";2015-03-18;3678
Jiří Šesták;za STAN/HOPB;A;České Budějovice;Autorský zákon;2014-05-26;3524
Jiří Šesták;za STAN/HOPB;A;České Budějovice;Pekingská smlouva;2014-01-07;3444
Jiří Šesták;za STAN/HOPB;A;České Budějovice;Petice "Pomozte svému divadlu";2013-04-04;3309
Jiří Šesták;za STAN/HOPB;A;České Budějovice;Regulace reklamy - senátní návrh;2013-01-29;3272
Tomáš Grulich;ODS;N;Praha 12;Návrh na vyslovení předchozího souhlasu - Víceletý rámec pro Agenturu Evropské unie pro základní práva;2017-03-30;4077
Tomáš Grulich;ODS;N;Praha 12;Závěry z ER a Prohlášení EU a Turecka;2016-03-23;3861
Tomáš Grulich;ODS;N;Praha 12;Závěry ER z 25. - 26. června;2015-07-01;3736
Tomáš Grulich;ODS;N;Praha 12;Dohoda o přidružení mezi státy EU a Ukrajinou;2014-09-04;3574
Tomáš Grulich;ODS;N;Praha 12;Protokol o obavách irského lidu týkajících se Lisabonské smlouvy;2014-06-02;3535
Tomáš Grulich;ODS;N;Praha 12;Protokol o obavách irského lidu - Lisabonská smlouva;2013-04-24;3327
Eva Syková;za ČSSD;A;Praha 4;Petice "Za dobrý zákon o Národním parku Šumava";2016-06-16;3929
Eva Syková;za ČSSD;A;Praha 4;Zákon o podpoře výzkumu, experimentálního vývoje a inovací;2016-05-02;3893
Eva Syková;za ČSSD;A;Praha 4;Zákon o vysokých školách;2016-02-09;3822
Eva Syková;za ČSSD;A;Praha 4;Národní program reforem;2015-05-26;3712
Eva Syková;za ČSSD;A;Praha 4;Dohoda o zřízení EMBL;2013-11-28;3435
Eva Syková;za ČSSD;A;Praha 4;Dohoda o zřízení EMBL;2013-07-30;3384
Eva Syková;za ČSSD;A;Praha 4;Zákon o podpoře výzkumu, experimentálního vývoje a inovací;2013-01-02;3259
Daniela Filipiová;ODS;N;Praha 8;Zákon o zaměstnanosti;2017-07-24;4169
Daniela Filipiová;ODS;N;Praha 8;Zákon o léčivech;2016-11-18;3993
Daniela Filipiová;ODS;N;Praha 8;Zákon o poskytování služby péče o dítě v dětské skupině;2015-04-21;3692
Daniela Filipiová;ODS;N;Praha 8;Zákon o poskytování služby péče o dítě v dětské skupině;2014-06-30;3554
Daniela Filipiová;ODS;N;Praha 8;Zákon o dobrovolnické službě;2014-04-07;3505
Daniela Filipiová;ODS;N;Praha 8;Zákon o důchodovém pojištění;2013-07-29;3381
Daniela Filipiová;ODS;N;Praha 8;Zákon - změna výplaty sociálních dávek;2013-03-05;3299
Libor Michálek;za PirSZKDU;A;Praha 2;Závěry a pokyny Evropské rady ze 14. a 15. prosince 2017;2017-01-04;4212
Libor Michálek;za PirSZKDU;A;Praha 2;Dohoda EU a státy SADC EPA o hospodářském partnerství;2016-08-23;3956
Libor Michálek;za PirSZKDU;A;Praha 2;Zákon o pojišťovnictví;2016-07-28;3945
Libor Michálek;za PirSZKDU;A;Praha 2;Zákon o státním podniku;2016-06-16;3916
Libor Michálek;za PirSZKDU;A;Praha 2;Zákon o podnikání na kapitálovém trhu;2016-03-24;3862
Libor Michálek;za PirSZKDU;A;Praha 2;Výroční zpráva ÚZSVM za rok 2015;2016-03-21;3859
Libor Michálek;za PirSZKDU;A;Praha 2;Zákon o Státním fondu dopravní infrastruktury;2016-03-14;3853
Libor Michálek;za PirSZKDU;A;Praha 2;Zákon o majetku České republiky;2015-11-20;3784
Libor Michálek;za PirSZKDU;A;Praha 2;Opatření proti leg. výnosů z trestné činnosti a financování terorismu;2015-06-02;3713
Libor Michálek;za PirSZKDU;A;Praha 2;Dohoda o Visegrádském patentovém institutu;2015-04-03;3683
Libor Michálek;za PirSZKDU;A;Praha 2;Výroční zpráva ÚZSVM za rok 2014;2015-03-06;3674
Libor Michálek;za PirSZKDU;A;Praha 2;Zákon o metrologii;2015-02-24;3660
Libor Michálek;za PirSZKDU;A;Praha 2;Zákon o pomoci v hmotné nouzi;2014-10-07;3592
Libor Michálek;za PirSZKDU;A;Praha 2;Návrh zákona o státní službě;2014-09-12;3577
Libor Michálek;za PirSZKDU;A;Praha 2;Zákon o zaměstnanosti;2014-05-26;3530
Libor Michálek;za PirSZKDU;A;Praha 2;Petice proti zrušení příspěvků invalidům;2013-09-16;3419
Libor Michálek;za PirSZKDU;A;Praha 2;Zákon o sociálních službách;2013-08-20;3410
Hassan Mezian;ČSSD;N;Litoměřice;Dohoda ČR a Království Saúdské Arábie o leteckých dopravních službách;2018-06-06;4271
Hassan Mezian;ČSSD;N;Litoměřice;Informace o nasazení sil MO v roce 2017;2018-05-31;4269
Hassan Mezian;ČSSD;N;Litoměřice;1. doplněk k účasti ozbroj. sil ČR na voj. cvič. v roce 2018;2018-05-03;4262
Hassan Mezian;ČSSD;N;Litoměřice;Dohoda o vzájemné podpoře a ochraně investic mezi ČR a Iránem;2018-03-14;4238
Hassan Mezian;ČSSD;N;Litoměřice;Smlouva ČR Ghana o zamezení dvojímu zdanění;2018-02-15;4227
Hassan Mezian;ČSSD;N;Litoměřice;Účast AČR na vojenských cvičeních v roce 2018;2017-12-08;4208
Hassan Mezian;ČSSD;N;Litoměřice;Rozhodnutí vlády o přeletech a průjezdech ozbrojených sil jiných států přes území ČR v roce 2018;2017-11-30;4205
Hassan Mezian;ČSSD;N;Litoměřice;Informace o účasti ozbrojených sil ČR za období leden až červen 2017;2017-10-13;4199
Hassan Mezian;ČSSD;N;Litoměřice;Informace o přeletech v 1. pololetí 2017;2017-10-02;4193
Hassan Mezian;ČSSD;N;Litoměřice;3. doplněk cvičení AČR;2017-09-20;4191
Hassan Mezian;ČSSD;N;Litoměřice;Opční protokol k úmluvě Organizace spojených národů o právech osob se zdravotním postižením;2017-07-12;4152
Hassan Mezian;ČSSD;N;Litoměřice;Výpověď smlouvy mezi ČR a Niz.král.se zřetelem na Arubu;2017-05-05;4091
Hassan Mezian;ČSSD;N;Litoměřice;Výpověď smlouvy mezi ČR a Niz.král.se zřetelem na Niz.Antily;2017-05-05;4092
Hassan Mezian;ČSSD;N;Litoměřice;Výpověď smlouvy mezi ČR a Kajmanskými ostrovy;2017-05-05;4093
Hassan Mezian;ČSSD;N;Litoměřice;Výpověď smlouvy mezi ČR a Turks a Caicos;2017-05-05;4088
Hassan Mezian;ČSSD;N;Litoměřice;Výpověď smlouvy mezi ČR a vládou Anguilly;2017-05-05;4094
Hassan Mezian;ČSSD;N;Litoměřice;Výpověď smlouvy mezi ČR a vládou Montserrat;2017-05-05;4089
Hassan Mezian;ČSSD;N;Litoměřice;Výpověď smlouvy mezi ČR a Brit. Panenskými ostrovy;2017-05-05;4095
Hassan Mezian;ČSSD;N;Litoměřice;Výpověď smlouvy mezi ČR a Ostrovem Man;2017-05-05;4090
Hassan Mezian;ČSSD;N;Litoměřice;Dohoda ČR Indonéská republika o letecké dopravě;2017-02-17;4054
Hassan Mezian;ČSSD;N;Litoměřice;Dohoda ČR Dominikánská republika o leteckých službách;2017-02-17;4053
Hassan Mezian;ČSSD;N;Litoměřice;Dohoda ČR Království Saúdská Arábie o leteckých dopravních službách;2017-02-17;4055
Hassan Mezian;ČSSD;N;Litoměřice;Dohoda ČR Tádžikistán o leteckých službách;2017-02-15;4050
Hassan Mezian;ČSSD;N;Litoměřice;Účast sil AČR na voj. cvičeních v roce 2017;2017-01-17;4031
Hassan Mezian;ČSSD;N;Litoměřice;Přelety a průjezdy ČR v 2017;2016-11-21;4000
Hassan Mezian;ČSSD;N;Litoměřice;Smlouva ČR Tunis o soc. zabezpečení;2015-12-31;3810
Hassan Mezian;ČSSD;N;Litoměřice;Smlouva ČR Albánie o soc. zabezpečení;2015-12-31;3809
Hassan Mezian;ČSSD;N;Litoměřice;Opční protokol k Úmluvě o právech dítěte;2015-06-02;3717
Hassan Mezian;ČSSD;N;Litoměřice;Dohoda o hospodářském partnerství ES - CARIFORA;2015-05-06;3695
Hassan Mezian;ČSSD;N;Litoměřice;Úmluva Rady Evropy o ochraně dětí proti sexuálnímu vykořisťování;2015-04-14;3686
Hassan Mezian;ČSSD;N;Litoměřice;Úmluva o účasti cizinců na veřejném životě na místní úrovni;2014-12-17;3647
Hassan Mezian;ČSSD;N;Litoměřice;Dohoda o přidruž. EU - Moldavie;2014-12-12;3640
Hassan Mezian;ČSSD;N;Litoměřice;Dohoda o převádění příspěvků do jednotného fondu pro řešení krizí;2014-09-18;3579
Hassan Mezian;ČSSD;N;Litoměřice;Úmluva OSN o jurisdikčních imunitách států;2014-05-05;3518
Jaroslav Kubera;ODS;A;Teplice;Zákon, kterým se mění zák.v obl.mez.spoupráce při správě daní;2016-02-18;3835
Jaroslav Kubera;ODS;A;Teplice;Zákon o působnosti orgánů České republiky ve věcech převodu vlastnictví státu;2015-11-06;3779
Jaroslav Kubera;ODS;A;Teplice;Novela zákona o NKÚ;2015-02-24;3657
Jaroslav Kubera;ODS;A;Teplice;Novela Ústavy ČR;2014-05-26;3528
Jaroslav Kubera;ODS;A;Teplice;Zákon o změně daňových zákonů;2013-08-21;3414
Jaroslav Kubera;ODS;A;Teplice;Zákon o jednacím řádu Senátu;2013-02-14;3275
Jaroslav Kubera;ODS;A;Teplice;Zákon o jednacím řádu PS;2013-02-14;3274
Jaroslav Zeman;ODS;A;Jablonec nad Nisou;Dohoda o ukončení platnosti Dohody ČR Polsko z 16. 7. 1993;2018-06-04;4270
Jaroslav Zeman;ODS;A;Jablonec nad Nisou;Protokol k Dohodě mezi ČR a USA o vědeckotechnické spolupráci;2018-05-07;4263
Jaroslav Zeman;ODS;A;Jablonec nad Nisou;Odvolání výhrady České republiky podle článku 29 odst. 4 Úmluvy o počítačové kriminalitě;2018-04-16;4253
Jaroslav Zeman;ODS;A;Jablonec nad Nisou;Úmluva Rady Evropy o komplexním přístupu k ochraně a bezpečnosti při sportovních akcích;2018-01-22;4219
Jaroslav Zeman;ODS;A;Jablonec nad Nisou;Odvolání výhrady České republiky podle článku 29 odst. 4 Úmluvy o počítačové kriminalitě;2017-09-18;4190
Jaroslav Zeman;ODS;A;Jablonec nad Nisou;Zákon o státní službě;2016-03-14;3858
Jaroslav Zeman;ODS;A;Jablonec nad Nisou;Zákon o organizaci a provádění sociálního zabezpečení;2015-10-19;3761
Jaromír Jermář;ČSSD;N;Mladá Boleslav;Petice Za spravedlivou úhradu nákladů základních poštovních služeb;2018-03-21;4241
Jaromír Jermář;ČSSD;N;Mladá Boleslav;Zákon o zmírnění majetkových křivd;2017-09-15;4188
Jaromír Jermář;ČSSD;N;Mladá Boleslav;Výroční zpráva ÚSTR za rok 2016;2017-03-31;4081
Jaromír Jermář;ČSSD;N;Mladá Boleslav;Petice pro korunu;2014-05-28;3536
Jaromír Jermář;ČSSD;N;Mladá Boleslav;Návrhy kandidátů na funkci VOP;2014-01-22;3453
Jaromír Jermář;ČSSD;N;Mladá Boleslav;Školský zákon - senátní;2012-12-07;3243
Luděk Jeništa;za TOP/STAN;N;Benešov;Návrh kandidáta na člena Rady Ústavu pro studium totalitních režimů;2017-07-21;4176
Jan Veleba;SPO;N;Chrudim;Prot. o odstranění nezákon. obch. s tabák. výrobky;2018-06-22;4275
Jan Veleba;SPO;N;Chrudim;Výroční zpráva NKÚ za rok 2017;2018-03-29;4243
Jan Veleba;SPO;N;Chrudim;Zákon o Hospodářské a Agrární komoře ČR;2017-09-15;4189
Jan Veleba;SPO;N;Chrudim;Veterinární zákon;2017-07-24;4160
Jan Veleba;SPO;N;Chrudim;Zákon na ochranu zvířat proti týrání;2017-06-22;4136
Jan Veleba;SPO;N;Chrudim;Výpověď smlouvy mezi ČR a Kajmanskými ostrovy;2017-05-05;4093
Jan Veleba;SPO;N;Chrudim;Výroční zpráva NKÚ za rok 2016;2017-03-31;4080
Jan Veleba;SPO;N;Chrudim;Dohoda ČR Indonéská republika o letecké dopravě;2017-02-17;4054
Jan Veleba;SPO;N;Chrudim;Zákon o hnojivech;2016-12-20;4025
Jan Veleba;SPO;N;Chrudim;Zákon o spotřebních daních;2016-11-04;3986
Jan Veleba;SPO;N;Chrudim;Zákon o pozemních komunikacích;2016-09-21;3965
Jan Veleba;SPO;N;Chrudim;Zákon o pojišťovacích zprostředkovatelích a likvidátorech pojistných událostí;2016-07-28;3946
Jan Veleba;SPO;N;Chrudim;Zákon o Nejvyšším kontrolním úřadu;2016-05-02;3895
Jan Veleba;SPO;N;Chrudim;Výroční zpráva NKÚ za rok 2015;2016-04-01;3872
Jan Veleba;SPO;N;Chrudim;Zákon o posuzování shody stanovených výrobků;2016-02-09;3823
Jan Veleba;SPO;N;Chrudim;Zákon o rozpočtových pravidlech územních rozpočtů - senátní návrh;2016-02-04;3818
Jan Veleba;SPO;N;Chrudim;Spotřební daně;2015-11-20;3785
Jan Veleba;SPO;N;Chrudim;Dohoda o hospodářském partnerství ES - CARIFORA;2015-05-06;3695
Jan Veleba;SPO;N;Chrudim;Zpráva NKÚ za rok 2014;2015-02-27;3672
Jan Veleba;SPO;N;Chrudim;Zákon o ochraně zemědělského půdního fondu;2014-12-17;3643
Jan Veleba;SPO;N;Chrudim;Zákon o cenách;2014-12-09;3632
Jan Veleba;SPO;N;Chrudim;Zákon o hnojivech;2014-10-07;3606
Jan Veleba;SPO;N;Chrudim;Dohoda o převádění příspěvků do jednotného fondu pro řešení krizí;2014-09-18;3579
Jan Veleba;SPO;N;Chrudim;Zákon o zemědělství;2014-06-30;3560
Jan Veleba;SPO;N;Chrudim;Zákon o Státní zemědělské a potravinářské inspekci;2014-05-26;3526
Jan Veleba;SPO;N;Chrudim;Výroční zpráva NKÚ 2013;2014-04-09;3510
Jan Veleba;SPO;N;Chrudim;Smlouva ČR Kosovo - zamezení dvojímu zdanění;2014-02-14;3470
Jan Veleba;SPO;N;Chrudim;Zákon o Ústředním kontrolním a zkušebním ústavu zemědělském;2013-08-05;3389
Jan Veleba;SPO;N;Chrudim;Zákon - v souvislosti s přijetím katastrálního zákona;2013-06-17;3363
Jan Veleba;SPO;N;Chrudim;Katastrální zákon;2013-06-17;3362
Jan Veleba;SPO;N;Chrudim;Zákon o státním podniku;2013-05-27;3338
Jan Veleba;SPO;N;Chrudim;Výroční zpráva NKÚ 2012;2013-03-12;3302
Jan Veleba;SPO;N;Chrudim;Zákon o léčivech;2013-01-02;3261
Lubomír Franc;ČSSD;N;Náchod;Změna Stockholmské úmluvy o perzistentních organických polutantech;2018-02-14;4226
Lubomír Franc;ČSSD;N;Náchod;Ratifikace změn přílohy III Rotterdamské úmluvy;2017-11-29;4204
Lubomír Franc;ČSSD;N;Náchod;2. doplněk k účasti ozbrojených sil České republiky;2017-07-19;4153
Lubomír Franc;ČSSD;N;Náchod;Úmluva MOP o práci na moři;2017-06-07;4124
Lubomír Franc;ČSSD;N;Náchod;Informace o nasazení sil a prostředků MO v zahraničí v roce 2016;2017-06-01;4122
Lubomír Franc;ČSSD;N;Náchod;1. doplněk k účasti ozbroj. sil ČR na voj. cvič. v roce 2017;2017-05-11;4117
Lubomír Franc;ČSSD;N;Náchod;Protokol o přistoupení k Obchodní dohodě mezi EU a Kolumbií a Peru;2017-04-24;4084
Lubomír Franc;ČSSD;N;Náchod;Informace o účasti AČR na cvičeních v období červenec - prosinec 2016;2017-04-06;4082
Lubomír Franc;ČSSD;N;Náchod;Inormace o přeletech - 2. pol. 2016;2017-03-10;4062
Lubomír Franc;ČSSD;N;Náchod;Smlouva ČR Slovensko - ochrana vzdušného prostoru;2017-03-10;4060
Lubomír Franc;ČSSD;N;Náchod;Komplexní hospodářská a obchodní dohoda mezi Kanadou a EU;2016-12-28;4027
Lubomír Franc;ČSSD;N;Náchod;Protokol o změnách v Dohodě o zřízení Mezinárodní investiční banky;2016-08-24;3957
Lubomír Franc;ČSSD;N;Náchod;Dohoda EU a státy SADC EPA o hospodářském partnerství;2016-08-23;3956
Lubomír Franc;ČSSD;N;Náchod;Protokol o změně Dohody o zřízení a činnosti Mezinárodní banky hospodářské spolupráce;2016-04-28;3897
Lubomír Franc;ČSSD;N;Náchod;Změny Protok. k Úml. o dálkovém znečišťování ovzduší;2016-03-07;3845
Lubomír Franc;ČSSD;N;Náchod;Změna Přílohy III Rotterdamské úmluvy;2016-01-25;3814
Lubomír Franc;ČSSD;N;Náchod;Zákon o hasičském záchranném sboru;2015-10-19;3764
Lubomír Franc;ČSSD;N;Náchod;Živnostenský zákon;2014-05-26;3531
Lubomír Franc;ČSSD;N;Náchod;Výroční zpráva NKÚ 2013;2014-04-09;3510
Lubomír Franc;ČSSD;N;Náchod;Výroční zpráva NKÚ 2012;2013-03-12;3302
Radko Martínek;ČSSD;N;Svitavy;Správní řád;2018-06-25;4287
Radko Martínek;ČSSD;N;Svitavy;Petice dálnice D43 (Brno - Moravská Třebová);2018-02-27;4231
Radko Martínek;ČSSD;N;Svitavy;Zákon o registru smluv;2017-06-29;4150
Radko Martínek;ČSSD;N;Svitavy;Zákon o rozpočtovém určení daní;2017-06-22;4147
Radko Martínek;ČSSD;N;Svitavy;Zákon o státní službě;2017-03-27;4066
Radko Martínek;ČSSD;N;Svitavy;Zákon o obcích;2017-02-13;4039
Radko Martínek;ČSSD;N;Svitavy;Zákon o stavebním spoření;2016-11-18;3995
Radko Martínek;ČSSD;N;Svitavy;Novela volebních zákonů;2016-07-28;3939
Radko Martínek;ČSSD;N;Svitavy;Zákon o dani z přidané hodnoty - senátní návrh;2016-04-26;3882
Radko Martínek;ČSSD;N;Svitavy;Rozpočtová pravidla;2016-03-14;3851
Radko Martínek;ČSSD;N;Svitavy;Veřejné zakázky - související;2016-03-14;3850
Radko Martínek;ČSSD;N;Svitavy;Veřejné zakázky;2016-03-14;3849
Radko Martínek;ČSSD;N;Svitavy;Zákon o místním referendu - senátní návrh;2016-03-02;3842
Radko Martínek;ČSSD;N;Svitavy;Zákon o rozpočtových pravidlech územních rozpočtů - senátní návrh;2016-02-04;3818
Radko Martínek;ČSSD;N;Svitavy;Zákon o rozpočtovém určení daní;2015-11-06;3778
Radko Martínek;ČSSD;N;Svitavy;Zákon o podpoře regionálního rozvoje;2015-09-29;3757
Radko Martínek;ČSSD;N;Svitavy;Zákon o ochraně zemědělského půdního fondu;2014-12-17;3643
Radko Martínek;ČSSD;N;Svitavy;Zákon o veřejných zakázkách;2014-12-17;3642
Radko Martínek;ČSSD;N;Svitavy;Zákon rozpočtových pravidlech územních rozpočtů;2014-12-09;3630
Radko Martínek;ČSSD;N;Svitavy;Návrh zákona o státní službě;2014-09-12;3577
Radko Martínek;ČSSD;N;Svitavy;Basilejská Úmluva o kontrole pohybu nebezpečných odpadů;2014-02-14;3469
Radko Martínek;ČSSD;N;Svitavy;Pomoc v hmotné nouzi - doplatek na bydlení;2013-11-27;3432
Radko Martínek;ČSSD;N;Svitavy;ZO veřejné zakázky;2013-09-25;3424
František Bublan;ČSSD;N;Třebíč;Vl.n.působ.sil MO ČR v zahr.operacích v letech 2018 až 2020;2018-04-12;4252
František Bublan;ČSSD;N;Třebíč;Inf. o účasti ozbr. sil ČR na voj. cvič. za 2. pol. 2017;2018-03-16;4239
František Bublan;ČSSD;N;Třebíč;Informace o přeletech a průjezdech - II. pol. 2017;2018-03-12;4237
František Bublan;ČSSD;N;Třebíč;Zákon o počtech členů zvláštních kontrolních orgánů PS;2018-02-01;4222
František Bublan;ČSSD;N;Třebíč;Zákon o zpravodajských službách ČR;2017-06-22;4140
František Bublan;ČSSD;N;Třebíč;Zákon o kybernetické bezpečnosti;2017-05-09;4103
František Bublan;ČSSD;N;Třebíč;Zákon o zahraniční službě;2017-03-27;4073
František Bublan;ČSSD;N;Třebíč;Dodatkový protokol k Úmluvě Rady Evropy o prevenci terorismu;2017-02-01;4033
František Bublan;ČSSD;N;Třebíč;Úmluva Rady Evropy o prevenci terorismu;2017-02-01;4032
František Bublan;ČSSD;N;Třebíč;Zákon o účastnících odboje a odporu proti komunismu;2016-05-02;3896
František Bublan;ČSSD;N;Třebíč;Návrh na působení Leteckého poradního týmu v Irácké republice;2016-03-31;3870
František Bublan;ČSSD;N;Třebíč;Cvičení AČR v roce 2016;2016-01-26;3816
František Bublan;ČSSD;N;Třebíč;Rozhodnutí přelety 2016;2016-01-13;3813
František Bublan;ČSSD;N;Třebíč;Zákon o státní službě;2015-12-10;3800
František Bublan;ČSSD;N;Třebíč;Sml.mezi ČR,Rak.rep.a Slov.rep.o trojst.hran.bodu Dyje-Morava;2015-11-06;3776
František Bublan;ČSSD;N;Třebíč;Zákon o zpravodajských službách;2015-07-17;3738
František Bublan;ČSSD;N;Třebíč;Operace Island;2015-06-04;3719
František Bublan;ČSSD;N;Třebíč;Smlouva ČR Německo o policejní spolupráci;2015-05-25;3711
František Bublan;ČSSD;N;Třebíč;Smlouva ČR - Írán dvojí zdanění;2015-05-19;3703
František Bublan;ČSSD;N;Třebíč;Působení v misích OSN UNDOF a MINUSMA;2015-04-24;3693
František Bublan;ČSSD;N;Třebíč;Informace o rozhodnutí vlády o průjezdu ozbrojených sil USA;2015-03-17;3676
František Bublan;ČSSD;N;Třebíč;Smlouva ČR - Rakousko o policejní spolupráci;2015-02-03;3652
František Bublan;ČSSD;N;Třebíč;Působení sil MO v letech 2015, 2016 a 2017;2014-10-21;3612
František Bublan;ČSSD;N;Třebíč;Nagojský protokol;2014-10-16;3610
František Bublan;ČSSD;N;Třebíč;Mezinárodní úmluva o normách výcviku, kvalifikace a strážní služby námořníků;2014-08-15;3570
František Bublan;ČSSD;N;Třebíč;Zákon o kybernetické bezpečnosti;2014-06-30;3549
František Bublan;ČSSD;N;Třebíč;Zákon o pobytu cizinců;2014-04-07;3501
František Bublan;ČSSD;N;Třebíč;Zákon o státním občanství ČR;2013-04-24;3325
František Bublan;ČSSD;N;Třebíč;Zákon o azylu;2013-02-25;3289
František Bublan;ČSSD;N;Třebíč;Úmluva o počítačové kriminalitě;2013-01-02;3266
Jan Hajda;ČSSD;N;Břeclav;Zákon o rostlinolékařské péči;2017-07-24;4159
Jan Hajda;ČSSD;N;Břeclav;Zpráva o výkonu dohledu nad fin. trhem 2016;2017-07-03;4151
Jan Hajda;ČSSD;N;Břeclav;Zákon o rozpočtovém určení daní;2017-06-22;4147
Jan Hajda;ČSSD;N;Břeclav;Národní program reforem ČR 2017;2017-05-11;4116
Jan Hajda;ČSSD;N;Břeclav;Konvergenční program - Duben 2017;2017-04-28;4085
Jan Hajda;ČSSD;N;Břeclav;Dohoda ČR Tádžikistán o leteckých službách;2017-02-15;4050
Jan Hajda;ČSSD;N;Břeclav;Plemenářský zákon;2016-12-20;4024
Jan Hajda;ČSSD;N;Břeclav;Vinohradnický zákon;2016-11-18;3989
Jan Hajda;ČSSD;N;Břeclav;Zákon o nakládání s GMO;2016-09-21;3964
Jan Hajda;ČSSD;N;Břeclav;Zákon, kterým se mění některé zákony v souvislosti s prokazováním původu majetku;2016-07-28;3947
Jan Hajda;ČSSD;N;Břeclav;Konvergenční program 2016;2016-05-20;3910
Jan Hajda;ČSSD;N;Břeclav;Protokol o změně Dohody o zřízení a činnosti Mezinárodní banky hospodářské spolupráce;2016-04-28;3897
Jan Hajda;ČSSD;N;Břeclav;Zákon o daních z příjmu;2016-03-14;3852
Jan Hajda;ČSSD;N;Břeclav;Zákon o významné tržní síle;2015-12-18;3803
Jan Hajda;ČSSD;N;Břeclav;Zákon o ochraně spotřebitele;2015-10-19;3768
Jan Hajda;ČSSD;N;Břeclav;Zákon o pojišťování a financování vývozu;2015-07-17;3739
Jan Hajda;ČSSD;N;Břeclav;Národní program reforem;2015-05-26;3712
Jan Hajda;ČSSD;N;Břeclav;Konvergenční program 2015;2015-05-12;3700
Jan Hajda;ČSSD;N;Břeclav;Zákon o o potravinách a tabákových výrobcích;2015-04-04;3877
Jan Hajda;ČSSD;N;Břeclav;Novela zákona o platu představitelů státní moci;2014-12-05;3628
Jan Hajda;ČSSD;N;Břeclav;Zákon o DPH;2014-11-14;3621
Jan Hajda;ČSSD;N;Břeclav;Zákon o DPH;2014-10-07;3586
Jan Hajda;ČSSD;N;Břeclav;Zákon o spotřebních daních - pohonné hmoty;2014-08-04;3567
Jan Hajda;ČSSD;N;Břeclav;Zákon o důchodovém pojištění;2014-06-30;3556
Jan Hajda;ČSSD;N;Břeclav;Petice pro korunu;2014-05-28;3536
Jan Hajda;ČSSD;N;Břeclav;Zákon o dluhopisech;2014-05-26;3529
Jan Hajda;ČSSD;N;Břeclav;Konvergenční program 2014;2014-04-30;3515
Jan Hajda;ČSSD;N;Břeclav;Smlouva o stabilitě, koordinaci a správě v hospodářské a měnové unii;2014-04-14;3512
Jan Hajda;ČSSD;N;Břeclav;Zákon o státním dluhopisovém programu;2014-04-07;3506
Jan Hajda;ČSSD;N;Břeclav;Zákon o ochraně spotřebitele;2013-12-11;3438
Jan Hajda;ČSSD;N;Břeclav;Dohoda o financování pomoci EU v letech 2014 - 2020;2013-12-03;3436
Jan Hajda;ČSSD;N;Břeclav;ZO o dani z nabytí nemovitých věcí;2013-09-25;3423
Jan Hajda;ČSSD;N;Břeclav;Zákon o povinném značení lihu - související zákony;2013-08-16;3402
Jan Hajda;ČSSD;N;Břeclav;Zákon o povinném značení lihu;2013-08-16;3401
Jan Hajda;ČSSD;N;Břeclav;Zákon o Státním pozemkovém úřadu;2013-07-29;3380
Jan Hajda;ČSSD;N;Břeclav;Zákon o pohonných hmotách;2013-06-07;3358
Jan Hajda;ČSSD;N;Břeclav;Zákon o poštovních službách;2013-05-27;3337
Jan Hajda;ČSSD;N;Břeclav;Konvergenční program - duben 2013;2013-05-03;3331
Jan Hajda;ČSSD;N;Břeclav;Zákon o pojištění odpovědnosti z provozu vozidla;2013-04-16;3320
Jan Hajda;ČSSD;N;Břeclav;Zákon o prodejní době;2013-02-28;3295
Jan Hajda;ČSSD;N;Břeclav;Zákon o daních z příjmů;2013-02-14;3277
Jan Hajda;ČSSD;N;Břeclav;Zákon o spotřebitelském úvěru;2013-01-02;3263
Jan Hajda;ČSSD;N;Břeclav;Zákon o platu a náležitostech;2012-12-19;3248
Eliška Wagnerová;za SZ;N;Brno-město;Novela zákona o vývozu a dovozu zboží;2018-04-03;4245
Eliška Wagnerová;za SZ;N;Brno-město;Zákon o volbách do PČR;2018-03-07;4234
Eliška Wagnerová;za SZ;N;Brno-město;Antidiskriminační zákon;2017-09-15;4183
Eliška Wagnerová;za SZ;N;Brno-město;Novela občanského soudního řádu;2017-07-24;4164
Eliška Wagnerová;za SZ;N;Brno-město;Ústavní zákon o bezpečnosti;2017-07-24;4154
Eliška Wagnerová;za SZ;N;Brno-město;Zákon o registru smluv;2017-06-29;4150
Eliška Wagnerová;za SZ;N;Brno-město;Zákon o přestupcích - související zákony;2017-05-09;4114
Eliška Wagnerová;za SZ;N;Brno-město;Zákon o evropských politických stranách;2017-02-13;4037
Eliška Wagnerová;za SZ;N;Brno-město;Zákon o obchodních korporacích;2016-11-18;3991
Eliška Wagnerová;za SZ;N;Brno-město;Novela volebních zákonů;2016-07-28;3939
Eliška Wagnerová;za SZ;N;Brno-město;Zákon o právu shromažďovacím;2016-05-19;3907
Eliška Wagnerová;za SZ;N;Brno-město;Zpráva o činnosti VOP 2015;2016-04-01;3873
Eliška Wagnerová;za SZ;N;Brno-město;Zákon o soudních poplatcích;2016-03-24;3864
Eliška Wagnerová;za SZ;N;Brno-město;Zákon o elektronických komunikacích;2016-02-09;3825
Eliška Wagnerová;za SZ;N;Brno-město;Volební zákon;2016-02-09;3819
Eliška Wagnerová;za SZ;N;Brno-město;Zákon o státní službě;2015-12-10;3800
Eliška Wagnerová;za SZ;N;Brno-město;Zákon o některých podmínkách podnikání v oblasti cestovního ruchu;2015-09-29;3756
Eliška Wagnerová;za SZ;N;Brno-město;Zákoník práce;2015-06-26;3724
Eliška Wagnerová;za SZ;N;Brno-město;Občanský soudní řád;2015-05-22;3704
Eliška Wagnerová;za SZ;N;Brno-město;Petice "Prezidente, odejděte!";2015-03-18;3678
Eliška Wagnerová;za SZ;N;Brno-město;Rekodifikace soukromého práva - související zákony;2015-02-24;3663
Eliška Wagnerová;za SZ;N;Brno-město;Zákon o soudních poplatcích;2014-10-07;3589
Eliška Wagnerová;za SZ;N;Brno-město;Zákon o spořitelních a úvěrových družstvech;2014-10-07;3585
Eliška Wagnerová;za SZ;N;Brno-město;Protokol, kterým se mění Úmluva o ochraně lidských práva základních svobod;2014-05-29;3533
Eliška Wagnerová;za SZ;N;Brno-město;Zákon o změně zák.v souv.se stanov.přístupu k činnosti bank;2014-05-26;3527
Eliška Wagnerová;za SZ;N;Brno-město;Zpráva o činnosti VOP 2013;2014-04-03;3500
Eliška Wagnerová;za SZ;N;Brno-město;Zákon o evropské občanské iniciativě;2014-02-24;3475
Eliška Wagnerová;za SZ;N;Brno-město;Zákon o volbách do EP;2014-02-17;3471
Eliška Wagnerová;za SZ;N;Brno-město;Zákon o volbách do PČR;2014-02-10;3467
Eliška Wagnerová;za SZ;N;Brno-město;Zákon o zvláštních řízeních soudních;2013-08-21;3412
Eliška Wagnerová;za SZ;N;Brno-město;Zákon o statusu veřejné prospěšnosti;2013-08-16;3405
Eliška Wagnerová;za SZ;N;Brno-město;Zákon o České národní bance;2013-06-04;3350
Eliška Wagnerová;za SZ;N;Brno-město;Protokol o obavách irského lidu - Lisabonská smlouva;2013-04-24;3327
Eliška Wagnerová;za SZ;N;Brno-město;Zákon o vyšších soudních úřednících;2013-04-11;3314
Eliška Wagnerová;za SZ;N;Brno-město;Zpráva vlády o přejímání legislativních závazků - 2012;2013-02-25;3292
Eliška Wagnerová;za SZ;N;Brno-město;Ústavní zákon - změna Ústavy;2013-02-25;3286
Eliška Wagnerová;za SZ;N;Brno-město;Zákon o jednacím řádu PS;2013-02-14;3274
Eliška Wagnerová;za SZ;N;Brno-město;Zákon o Nejvyšším kontrolním úřadu;2013-01-02;3262
Božena Sekaninová;ČSSD;A;Prostějov;Zákon o nelékařských zdravotnických povoláních - senátní návrh;2018-01-09;4214
Božena Sekaninová;ČSSD;A;Prostějov;Zákon o o podmínkách získávání a uznávání způsobilosti k výkonu nelékařských zdravotnických povolání - senátní návrh;2017-10-10;4195
Božena Sekaninová;ČSSD;A;Prostějov;Zákon o sociálních službách - senátní návrh;2017-10-10;4197
Božena Sekaninová;ČSSD;A;Prostějov;Zákon o poskytování dávek osobám se zdravotním postižením - senátní návrh;2017-10-10;4196
Božena Sekaninová;ČSSD;A;Prostějov;Zákon o nemocenském pojištění;2017-07-24;4168
Božena Sekaninová;ČSSD;A;Prostějov;Stavební zákon;2017-05-09;4097
Božena Sekaninová;ČSSD;A;Prostějov;Zákon o státní službě;2017-03-27;4066
Božena Sekaninová;ČSSD;A;Prostějov;Zákon o pomoci v hmotné nouzi;2017-02-13;4048
Božena Sekaninová;ČSSD;A;Prostějov;Zákon o důchodovém pojištění I.;2016-05-19;3902
Božena Sekaninová;ČSSD;A;Prostějov;Školský zákon;0016-03-24;3866
Božena Sekaninová;ČSSD;A;Prostějov;Zákon o organizaci a provádění sociálního zabezpečení;2014-10-07;3595
Božena Sekaninová;ČSSD;A;Prostějov;Zákon o státní sociální podpoře;2014-10-07;3591
Božena Sekaninová;ČSSD;A;Prostějov;Zákoník práce;2013-04-11;3315
Božena Sekaninová;ČSSD;A;Prostějov;Sociálně-právní ochrana dětí;2012-12-19;3249
Zdeněk Brož;za KDU+NV;A;Šumperk;Dohoda ČR - Lotyšsko o ochraně investic ukončení platnosti;2018-07-11;4300
Zdeněk Brož;za KDU+NV;A;Šumperk;Fiskální pakt;2018-05-02;4260
Zdeněk Brož;za KDU+NV;A;Šumperk;Dohoda ČR - Mongolsko o leteckých službách;2018-02-20;4229
Zdeněk Brož;za KDU+NV;A;Šumperk;Dodatkový protokol k Trestněprávní úmluvě o korupci;2017-12-22;4210
Zdeněk Brož;za KDU+NV;A;Šumperk;Branný zákon;2017-07-24;4162
Zdeněk Brož;za KDU+NV;A;Šumperk;Zákon o vojácích z povolání;2017-06-22;4128
Zdeněk Brož;za KDU+NV;A;Šumperk;Protokol k dohodě ČR Japonsko o sociálním zabezpečení;2017-03-21;4064
Zdeněk Brož;za KDU+NV;A;Šumperk;Dohoda o strategickém partnerství mezi EU a a Kanadou;2016-12-16;4012
Zdeněk Brož;za KDU+NV;A;Šumperk;Dohoda o partnerství mezi EU a Novým Zélandem;2016-12-14;4009
Zdeněk Brož;za KDU+NV;A;Šumperk;Doporučení Mezinárodní organizace práce č. 204;2016-11-15;3988
Zdeněk Brož;za KDU+NV;A;Šumperk;Pařížská dohoda;2016-10-06;3968
Zdeněk Brož;za KDU+NV;A;Šumperk;Dohoda o ochraně africko-euroasijských stěhovavých vodních ptáků;2016-07-22;3935
Zdeněk Brož;za KDU+NV;A;Šumperk;Úmluva MOP č. 154 o podpoře kolektivního vyjednávání;2016-05-05;3899
Zdeněk Brož;za KDU+NV;A;Šumperk;Dohoda ČR Belize o výměně informací v daňových záležitostech;2016-04-22;3881
Zdeněk Brož;za KDU+NV;A;Šumperk;Smlouva ČR Chile - dvojí zdanění;2016-01-28;3815
Zdeněk Brož;za KDU+NV;A;Šumperk;Dohoda ČR Chile - pracovní dovolená;2015-11-25;3791
Zdeněk Brož;za KDU+NV;A;Šumperk;Prozatímní dohoda o hospodářském partnerství mezi ES a smluvní stranou střední Afrika;2015-11-19;3781
Zdeněk Brož;za KDU+NV;A;Šumperk;Dohoda mezi ČR a vl. Mauricijské republiky o letecké dopravě;2015-11-04;3775
Zdeněk Brož;za KDU+NV;A;Šumperk;Dohoda o účasti Chorvatska v EHS;2015-04-17;3689
Zdeněk Brož;za KDU+NV;A;Šumperk;Dohoda o Visegrádském patentovém institutu;2015-04-03;3683
Zdeněk Brož;za KDU+NV;A;Šumperk;Dohoda ČR Jamajka - letecká doprava;2015-03-25;3679
Zdeněk Brož;za KDU+NV;A;Šumperk;Dohoda ČR Etiopie - letecká doprava;2015-03-19;3677
Zdeněk Brož;za KDU+NV;A;Šumperk;Smlouva ČR Francie o využití kosmu;2015-01-14;3649
Zdeněk Brož;za KDU+NV;A;Šumperk;Akta Světové poštovní unie;2014-11-10;3618
Zdeněk Brož;za KDU+NV;A;Šumperk;Změna Dohody o Mezinárodní finanční korporaci;2014-05-30;3534
Zdeněk Brož;za KDU+NV;A;Šumperk;Smlouva o stabilitě, koordinaci a správě v hospodářské a měnové unii;2014-04-14;3512
Zdeněk Brož;za KDU+NV;A;Šumperk;Doplňková smlouva ČR USA - sociální zabezpečení;2014-03-12;3483
Zdeněk Brož;za KDU+NV;A;Šumperk;Dodatkový protokol - Úmluva o počítačové kriminalitě;2014-01-07;3445
Vladimír Plaček;ČSSD;N;Opava;Národní program reforem ČR 2017;2017-05-11;4116
Vladimír Plaček;ČSSD;N;Opava;Zákon o pohřebnictví;2017-05-09;4111
Vladimír Plaček;ČSSD;N;Opava;Konvergenční program - Duben 2017;2017-04-28;4085
Vladimír Plaček;ČSSD;N;Opava;Zákon o o důchodovém pojištění II.;2016-05-19;3903
Vladimír Plaček;ČSSD;N;Opava;Sml.mezi ČR a Rakouskou rep.o spolupr.v obl.zdr.záchr.služby;2016-02-29;3840
Vladimír Plaček;ČSSD;N;Opava;Zákon o loteriích;2015-11-20;3789
Vladimír Plaček;ČSSD;N;Opava;Zákon o veřejném zdravotním pojištění;2015-06-26;3729
Vladimír Plaček;ČSSD;N;Opava;Zákon o ochraně veřejného zdraví;2015-06-02;3714
Vladimír Plaček;ČSSD;N;Opava;Zákon o poskytování služby péče o dítě v dětské skupině;2015-04-21;3692
Vladimír Plaček;ČSSD;N;Opava;Zákon o léčivech;2015-02-24;3665
Vladimír Plaček;ČSSD;N;Opava;Veřejné zdravotní pojištění;2014-11-14;3623
Vladimír Plaček;ČSSD;N;Opava;Zákon o poskytování dávek;2014-11-14;3622
Vladimír Plaček;ČSSD;N;Opava;Zákon o zdravotnických prostředcích;2014-10-09;3608
Vladimír Plaček;ČSSD;N;Opava;Zákon o sociálních službách;2014-10-07;3590
Vladimír Plaček;ČSSD;N;Opava;Zákon o veřejném zdravotním pojištění;2014-10-07;3588
Vladimír Plaček;ČSSD;N;Opava;Zákon o léčivech;2014-10-07;3587
Vladimír Plaček;ČSSD;N;Opava;Zákon o úrazovém pojištění zaměstnanců;2014-06-30;3555
Vladimír Plaček;ČSSD;N;Opava;Zákon o zaměstnanosti;2014-05-26;3530
Vladimír Plaček;ČSSD;N;Opava;Zákon o pojistném na veřejné zdravotní pojištění;2014-05-09;3519
Vladimír Plaček;ČSSD;N;Opava;ZO o pojistném na všeobecné zdravotní pojištění;2013-09-25;3421
Vladimír Plaček;ČSSD;N;Opava;Zákon o sociálních službách;2013-08-20;3410
Vladimír Plaček;ČSSD;N;Opava;Zákon o důchodovém pojištění;2013-07-29;3381
Vladimír Plaček;ČSSD;N;Opava;Zákon o Státním pozemkovém úřadu - senátní;2013-03-06;3298
Vladimír Plaček;ČSSD;N;Opava;Zákon o zdravotních službách;2013-01-02;3252
Leopold Sulovský;za Ostravak;A;Ostrava-město;Zákon o činnosti institucí zaměstnaneckého penzijního pojištění;2018-06-25;4289
Leopold Sulovský;za Ostravak;A;Ostrava-město;Dohoda ČR a Království Saúdské Arábie o leteckých dopravních službách;2018-06-06;4271
Leopold Sulovský;za Ostravak;A;Ostrava-město;Zákon o hornické činnosti;2018-04-03;4249
Leopold Sulovský;za Ostravak;A;Ostrava-město;Dohoda ČR - Mongolsko o leteckých službách;2018-02-20;4229
Leopold Sulovský;za Ostravak;A;Ostrava-město;Zákon o ČOI;2017-06-22;4144
Leopold Sulovský;za Ostravak;A;Ostrava-město;Novela zákonů v oblasti průmyslového vlastnictví;2017-05-09;4098
Leopold Sulovský;za Ostravak;A;Ostrava-město;Výpověď smlouvy mezi ČR a Ostrovem Man;2017-05-05;4090
Leopold Sulovský;za Ostravak;A;Ostrava-město;Dohoda ČR Dominikánská republika o leteckých službách;2017-02-17;4053
Leopold Sulovský;za Ostravak;A;Ostrava-město;Zákon o hornické činnosti;2016-11-04;3985
Leopold Sulovský;za Ostravak;A;Ostrava-město;Zákon o centrální evidenci účtů - související zákony;2016-07-28;3944
Leopold Sulovský;za Ostravak;A;Ostrava-město;Zákon o centrální evidenci účtů;2016-07-28;3943
Leopold Sulovský;za Ostravak;A;Ostrava-město;Zákon o silničním provozu - senátní návrh;2016-04-27;3883
Leopold Sulovský;za Ostravak;A;Ostrava-město;Výroční zpráva ÚOOÚ za rok 2015;2016-04-11;3878
Leopold Sulovský;za Ostravak;A;Ostrava-město;Doh. mezi ČR a Bahrajnem o letecké dopravě;2016-02-29;3841
Leopold Sulovský;za Ostravak;A;Ostrava-město;Horní zákon;2016-02-09;3821
Leopold Sulovský;za Ostravak;A;Ostrava-město;Zákon o spotřebních daních;2015-10-19;3763
Leopold Sulovský;za Ostravak;A;Ostrava-město;COTIF;2015-08-11;3749
Leopold Sulovský;za Ostravak;A;Ostrava-město;Výroční zpráva ÚOOÚ za rok 2014;2015-04-15;3688
Leopold Sulovský;za Ostravak;A;Ostrava-město;Zákon o působnosti Celní správy - související zákony;2014-12-09;3635
Leopold Sulovský;za Ostravak;A;Ostrava-město;Zákon o působnosti Celní správy;2014-12-09;3634
Leopold Sulovský;za Ostravak;A;Ostrava-město;Smlouva ČR Lichtenštejnsko - dvojí zdanění;2014-10-10;3609
Leopold Sulovský;za Ostravak;A;Ostrava-město;Zákon o prekurzorech výbušnin;2014-10-07;3601
Leopold Sulovský;za Ostravak;A;Ostrava-město;FATCA;2014-09-10;3575
Leopold Sulovský;za Ostravak;A;Ostrava-město;Výroční zpráva ÚOHS za rok 2013;2014-07-07;3564
Leopold Sulovský;za Ostravak;A;Ostrava-město;Výroční zpráva ÚOOÚ za rok 2013;2014-04-18;3514
Leopold Sulovský;za Ostravak;A;Ostrava-město;Výroční zpráva NKÚ 2013;2014-04-09;3510
Leopold Sulovský;za Ostravak;A;Ostrava-město;Evropsko-středom.let. doh. mezi státy EU a vl.Státu Izrael;2014-03-04;3481
Leopold Sulovský;za Ostravak;A;Ostrava-město;Pomoc v hmotné nouzi - doplatek na bydlení;2013-11-27;3432
Leopold Sulovský;za Ostravak;A;Ostrava-město;Dohoda ČR-Bosna a Hercegovina o mezinárodní silniční dopravě;2013-08-02;3392
Leopold Sulovský;za Ostravak;A;Ostrava-město;Zákon o pojišťování a financování vývozu;2013-06-04;3353
Leopold Sulovský;za Ostravak;A;Ostrava-město;Výroční zpráva ÚZSVM 2012;2013-03-13;3301
Leopold Sulovský;za Ostravak;A;Ostrava-město;Obchodní dohoda EU - Kolumbie, Peru;2012-12-04;3241
Petr Vícha;ČSSD;A;Karviná;Zákon o střetu zájmů;2018-04-27;4259
Petr Vícha;ČSSD;A;Karviná;Zákon o volbách do Parlamentu ČR;2018-03-06;4233
Petr Vícha;ČSSD;A;Karviná;Zákon o hazardních hrách - novela souvisejících zákonů;2016-05-02;3887
Petr Vícha;ČSSD;A;Karviná;Zákon o hazardních hrách;2016-05-02;3885
Petr Vícha;ČSSD;A;Karviná;Zákon o dani z hazardních her;2016-05-02;3886
Petr Vícha;ČSSD;A;Karviná;Zákon o obcích;2016-02-18;3832
Petr Vícha;ČSSD;A;Karviná;Zákon o loteriích;2015-11-20;3789
Petr Vícha;ČSSD;A;Karviná;Zákon o elektronických komunikacích;2014-10-07;3599
Petr Vícha;ČSSD;A;Karviná;Novela zákona o místních poplatcích - senátní návrh;2014-06-11;3544
Petr Vícha;ČSSD;A;Karviná;Zákon o matrikách;2013-08-16;3407
Petr Vícha;ČSSD;A;Karviná;Zákon o loteriích;2013-05-27;3340
Petr Vícha;ČSSD;A;Karviná;Regulace reklamy - senátní návrh;2013-01-29;3272
Petr Vícha;ČSSD;A;Karviná;Zákon o finanční kontrole;2013-01-02;3264
Jiří Čunek;KDU-ČSL;A;Vsetín;Petice "Ne ohrožení pitné vody pro 140 tisíc lidí";2018-01-10;4215
Jiří Čunek;KDU-ČSL;A;Vsetín;Antidiskriminační zákon;2017-09-15;4183
Jiří Čunek;KDU-ČSL;A;Vsetín;Zákon o Veřejném ochránci práv;2017-05-09;4110
Jiří Čunek;KDU-ČSL;A;Vsetín;Zákon o státních svátcích;2016-03-14;3857
Jiří Čunek;KDU-ČSL;A;Vsetín;Zákon o státních svátcích;2015-11-06;3777
Jiří Čunek;KDU-ČSL;A;Vsetín;Zákon o svobodném přístupu k informacím;2015-07-17;3742
Jiří Čunek;KDU-ČSL;A;Vsetín;Zpráva o činnosti VOP 2014;2012-04-16;3687
Jiří Čunek;KDU-ČSL;A;Vsetín;Žádost prezidenta - ústavní soudci;2014-04-07;3509
Jiří Čunek;KDU-ČSL;A;Vsetín;Zpráva o činnosti VOP 2013;2014-04-03;3500
Jiří Čunek;KDU-ČSL;A;Vsetín;Žádost prezidenta - ústavní soudce;2013-07-12;3374
Jiří Čunek;KDU-ČSL;A;Vsetín;Výroční zpráva ÚOOÚ za rok 2012;2013-04-17;3323
Patrik Kunčar;KDU-ČSL;A;Zlín;Prot. o udržitelném zemědělství a rozvoji venkova;2018-06-22;4276
Patrik Kunčar;KDU-ČSL;A;Zlín;Smlouva ČR - Bělorusko o důchodovém zabezpečení;2018-05-02;4261
Patrik Kunčar;KDU-ČSL;A;Zlín;Smlouva ČR - Vietnam o předávání odsouzených osob;2018-01-18;4218
Patrik Kunčar;KDU-ČSL;A;Zlín;Smlouva ČR Kazachstán o spolupráci v boji proti trestné činnosti;2018-01-15;4217
Patrik Kunčar;KDU-ČSL;A;Zlín;Smlouva ČR Vietnam - boj proti trestné činnosti;2017-12-19;4209
Patrik Kunčar;KDU-ČSL;A;Zlín;Zákon o ochraně utajovaných informací;2017-06-22;4138
Patrik Kunčar;KDU-ČSL;A;Zlín;Souhlas s odstoupením ČR od Charty Mezinárodního energetického fóra;2017-05-16;4120
Patrik Kunčar;KDU-ČSL;A;Zlín;Dohoda o politickém dialogu a spolupráci mezi EU a Kubou;2017-02-23;4057
Patrik Kunčar;KDU-ČSL;A;Zlín;Minamatská úmluva o rtuti;2016-11-21;4002
Patrik Kunčar;KDU-ČSL;A;Zlín;Dohoda ČR Seychely o letecké dopravě;2016-08-02;3951
Patrik Kunčar;KDU-ČSL;A;Zlín;Sml.mezi ČR a Rakouskou rep.o spolupr.v obl.zdr.záchr.služby;2016-02-29;3840
Patrik Kunčar;KDU-ČSL;A;Zlín;Zákon o ozbrojených silách ČR;2015-12-21;3807
Patrik Kunčar;KDU-ČSL;A;Zlín;Zákon o evidenci obyvatel;2015-10-19;3766
Patrik Kunčar;KDU-ČSL;A;Zlín;Úmluva o účincích průmyslových havárií;2015-09-01;3750
Patrik Kunčar;KDU-ČSL;A;Zlín;Zákon o prevenci závažných havárií;2015-07-17;3743
Patrik Kunčar;KDU-ČSL;A;Zlín;Zákon o dluhopisech;2014-05-26;3529